<?xml version="1.0" encoding="UTF-8"?>
<!DOCTYPE mapper PUBLIC "-//mybatis.org//DTD Mapper 3.0//EN" "http://mybatis.org/dtd/mybatis-3-mapper.dtd">
<mapper namespace="com.keyware.base.repository.mybatis.itf.test.AuditLogSnapshotMapper">
  <resultMap id="BaseResultMap" type="com.keyware.base.repository.entity.auditlog.AuditLogSnapshot">
    <result column="id" jdbcType="VARCHAR" property="id" />
    <result column="log_name" jdbcType="VARCHAR" property="logName" />
    <result column="log_name_type" jdbcType="VARCHAR" property="logNameType" />
    <result column="user_name" jdbcType="VARCHAR" property="userName" />
    <result column="dept_name" jdbcType="VARCHAR" property="deptName" />
    <result column="ip_address" jdbcType="VARCHAR" property="ipAddress" />
    <result column="oper_time" jdbcType="VARCHAR" property="operTime" />
    <result column="comments" jdbcType="VARCHAR" property="comments" />
    <result column="user_id" jdbcType="VARCHAR" property="userId" />
    <result column="file_time" jdbcType="VARCHAR" property="fileTime" />
    <result column="project_source" jdbcType="VARCHAR" property="projectSource" />
  </resultMap>
  <insert id="insert" parameterType="com.keyware.base.repository.entity.auditlog.AuditLogSnapshot" >
    insert into AUDIT_LOG_SNAPSHOT ("id", "log_name", "log_name_type", "user_name", "dept_name", "ip_address", "oper_time", "comments","user_id","file_time","project_source")
    values (#{id,jdbcType=VARCHAR}, #{logName,jdbcType=VARCHAR}, #{logNameType,jdbcType=VARCHAR}, 
      #{userName,jdbcType=VARCHAR}, #{deptName,jdbcType=VARCHAR}, #{ipAddress,jdbcType=VARCHAR}, 
      #{operTime,jdbcType=VARCHAR}, #{comments,jdbcType=VARCHAR},#{userId,jdbcType=VARCHAR},#{fileTime,jdbcType=VARCHAR},#(projectSource,jdbcType=VARCHAR))

  </insert>
  <insert id="addAuditLogSnapshot" parameterType="java.util.List">  

    insert into AUDIT_LOG_SNAPSHOT ("id", "log_name", "log_name_type", "user_name", "dept_name", "ip_address", "oper_time", "comments","user_id","file_time","project_source")   
    values  
    <foreach collection="list" item="item" index="index" separator="," >  
        (#{item.id},#{item.logName},#{item.logNameType},#{item.userName},#{item.deptName},#{item.ipAddress},#{item.operTime},#{item.comments},#{item.userId},#{item.fileTime},#{itm.projectSource})  
    </foreach>  
</insert> 
  <insert id="insertSelective" parameterType="com.keyware.base.repository.entity.auditlog.AuditLogSnapshot" >
    insert into AUDIT_LOG_SNAPSHOT
    <trim prefix="(" suffix=")" suffixOverrides="," >
      <if test="id != null" >
        id,
      </if>
      <if test="logName != null" >
        log_name,
      </if>
      <if test="logNameType != null" >
        log_name_type,
      </if>
      <if test="userName != null" >
        user_name,
      </if>
      <if test="deptName != null" >
        dept_name,
      </if>
      <if test="ip != null" >
        ip,
      </if>
      <if test="operTime != null" >
        oper_time,
      </if>
      <if test="comments != null" >
        comments,
      </if>
      <if test="userId != null" >
        user_id,
      </if>
      <if test="fileTime != null" >
        file_time,
      </if>
      <if test="projectSource != null" >
        project_source,
      </if>
    </trim>
    <trim prefix="values (" suffix=")" suffixOverrides="," >
      <if test="id != null" >
        #{id,jdbcType=VARCHAR},
      </if>
      <if test="logName != null" >
        #{logName,jdbcType=VARCHAR},
      </if>
      <if test="logNameType != null" >
        #{logNameType,jdbcType=VARCHAR},
      </if>
      <if test="userName != null" >
        #{userName,jdbcType=VARCHAR},
      </if>
      <if test="deptName != null" >
        #{deptName,jdbcType=VARCHAR},
      </if>
      <if test="ip != null" >
        #{ip,jdbcType=VARCHAR},
      </if>
      <if test="operTime != null" >
        #{operTime,jdbcType=VARCHAR},
      </if>
      <if test="comments != null" >
        #{comments,jdbcType=VARCHAR},
      </if>
      <if test="userId != null" >
        #{userId,jdbcType=VARCHAR},
      </if>
      <if test="fileTime != null" >
        #{fileTime,jdbcType=VARCHAR},
      </if>
      <if test="projectSource != null" >
        #{projectSource,jdbcType=VARCHAR},
      </if>
    </trim>
  </insert>
</mapper>