<?xml version="1.0" encoding="UTF-8" ?>
<!DOCTYPE mapper PUBLIC "-//mybatis.org//DTD Mapper 3.0//EN" "http://mybatis.org/dtd/mybatis-3-mapper.dtd" >
<mapper namespace="com.keyware.base.repository.mybatis.itf.safemanagement.SafeManagementMapper" >
  <resultMap id="BaseResultMap" type="com.keyware.base.repository.entity.safemanagement.SafeManagement" >
    <id column="id" property="id" jdbcType="VARCHAR" />
    <result column="system_level" property="systemLevel" jdbcType="DECIMAL" />
    <result column="pwd_locktimes" property="pwdLocktimes" jdbcType="DECIMAL" />
    <result column="minimum_pwd_length" property="minimumPwdLength" jdbcType="DECIMAL" />
    <result column="maximum_pwd_length" property="maximumPwdLength" jdbcType="DECIMAL" />
    <result column="pwd_expiration_time" property="pwdExpirationTime" jdbcType="DECIMAL" />
    <result column="user_inactive_time" property="userInactiveTime" jdbcType="DECIMAL" />
    <result column="pwd_change_cycle" property="pwdChangeCycle" jdbcType="DECIMAL" />
     <result column="project_source" property="projectSource" jdbcType="VARCHAR" />
  </resultMap>
  <sql id="Base_Column_List" >
    "id","system_level","pwd_locktimes","minimum_pwd_length","maximum_pwd_length","pwd_expiration_time",
    "user_inactive_time","pwd_change_cycle","project_source"
  </sql>
  <select id="selectByPrimaryKey" resultMap="BaseResultMap" parameterType="java.lang.String" >
    select 
    <include refid="Base_Column_List" />
    from SAFE_MANAGEMENT
    where "id" = #{id,jdbcType=VARCHAR}
  </select>
  <delete id="deleteByPrimaryKey" parameterType="java.lang.String" >
    delete from SAFE_MANAGEMENT
    where "id" in <foreach item="item" index="index" collection="list"   
           open="(" separator="," close=")">  
            #{item}  
     </foreach>
  </delete>
  <insert id="insert" parameterType="com.keyware.base.repository.entity.safemanagement.SafeManagement" >
    insert into SAFE_MANAGEMENT ("id",
 	  "system_level",
      "pwd_locktimes",
      "minimum_pwd_length",
      "maximum_pwd_length",
      "pwd_expiration_time",
      "user_inactive_time",
      "pwd_change_cycle",
      "project_source")
    values (#{id,jdbcType=VARCHAR}, #{systemLevel,jdbcType=DECIMAL}, #{pwdLocktimes,jdbcType=DECIMAL}, 
      #{minimumPwdLength,jdbcType=DECIMAL}, #{maximumPwdLength,jdbcType=DECIMAL}, #{pwdExpirationTime,jdbcType=DECIMAL}, 
      #{userInactiveTime,jdbcType=DECIMAL}, #{pwdChangeCycle,jdbcType=DECIMAL},#{projectSource,jdbcType=VARCHAR})
  </insert>
  <insert id="insertSelective" parameterType="com.keyware.base.repository.entity.safemanagement.SafeManagement" >
    insert into SAFE_MANAGEMENT
    <trim prefix="(" suffix=")" suffixOverrides="," >
      <if test="id != null" >
        "id",
      </if>
      <if test="systemLevel != null" >
        "system_level",
      </if>
      <if test="pwdLocktimes != null" >
        "pwd_locktimes",
      </if>
      <if test="minimumPwdLength != null" >
        "minimum_pwd_length",
      </if>
      <if test="maximumPwdLength != null" >
        "maximum_pwd_length",
      </if>
      <if test="pwdExpirationTime != null" >
        "pwd_expiration_time",
      </if>
      <if test="userInactiveTime != null" >
        "user_inactive_time",
      </if>
      <if test="pwdChangeCycle != null" >
        "pwd_change_cycle"
      </if>
       <if test="projectSource != null" >
        "project_source"
      </if>
    </trim>
    <trim prefix="values (" suffix=")" suffixOverrides="," >
      <if test="id != null" >
        #{id,jdbcType=VARCHAR},
      </if>
      <if test="systemLevel != null" >
        #{systemLevel,jdbcType=DECIMAL},
      </if>
      <if test="pwdLocktimes != null" >
        #{pwdLocktimes,jdbcType=DECIMAL},
      </if>
      <if test="minimumPwdLength != null" >
        #{minimumPwdLength,jdbcType=DECIMAL},
      </if>
      <if test="maximumPwdLength != null" >
        #{maximumPwdLength,jdbcType=DECIMAL},
      </if>
      <if test="pwdExpirationTime != null" >
        #{pwdExpirationTime,jdbcType=DECIMAL},
      </if>
      <if test="userInactiveTime != null" >
        #{userInactiveTime,jdbcType=DECIMAL},
      </if>
      <if test="pwdChangeCycle != null" >
        #{pwdChangeCycle,jdbcType=DECIMAL},
      </if>
      <if test="projectSource != null" >
        #{project_source,jdbcType=VARCHAR},
      </if>
    </trim>
  </insert>
  <update id="updateByPrimaryKeySelective" parameterType="com.keyware.base.repository.entity.safemanagement.SafeManagement" >
    update SAFE_MANAGEMENT
    <set >
      <if test="systemLevel != null" >
        system_level = #{systemLevel,jdbcType=DECIMAL},
      </if>
      <if test="pwdLocktimes != null" >
        pwd_locktimes = #{pwdLocktimes,jdbcType=DECIMAL},
      </if>
      <if test="minimumPwdLength != null" >
        minimum_pwd_length = #{minimumPwdLength,jdbcType=DECIMAL},
      </if>
      <if test="maximumPwdLength != null" >
        maximum_pwd_length = #{maximumPwdLength,jdbcType=DECIMAL},
      </if>
      <if test="pwdExpirationTime != null" >
        pwd_expiration_time = #{pwdExpirationTime,jdbcType=DECIMAL},
      </if>
      <if test="userInactiveTime != null" >
        user_inactive_time = #{userInactiveTime,jdbcType=DECIMAL},
      </if>
      <if test="pwdChangeCycle != null" >
        pwd_change_cycle = #{pwdChangeCycle,jdbcType=DECIMAL},
      </if>
       <if test="projectSource != null" >
        project_source = #{projectSource,jdbcType=VARCHAR},
      </if>
    </set>
    where "id" = #{id,jdbcType=VARCHAR}
  </update>
  <update id="updateByPrimaryKey" parameterType="com.keyware.base.repository.entity.safemanagement.SafeManagement" >
    update SAFE_MANAGEMENT
    set "system_level" = #{systemLevel,jdbcType=DECIMAL},
      "pwd_locktimes" = #{pwdLocktimes,jdbcType=DECIMAL},
      "minimum_pwd_length"= #{minimumPwdLength,jdbcType=DECIMAL},
      "maximum_pwd_length"= #{maximumPwdLength,jdbcType=DECIMAL},
      "pwd_expiration_time" = #{pwdExpirationTime,jdbcType=DECIMAL},
      "user_inactive_time" = #{userInactiveTime,jdbcType=DECIMAL},
      "pwd_change_cycle" = #{pwdChangeCycle,jdbcType=DECIMAL},
      "project_source" = #{projectSource,jdbcType=VARCHAR}
    where "id" = #{id,jdbcType=VARCHAR}
  </update>
  <select id="selectAll" resultMap="BaseResultMap" >
 SELECT "id",
 	  "system_level",
      "pwd_locktimes",
      "minimum_pwd_length",
      "maximum_pwd_length",
      "pwd_expiration_time",
      "user_inactive_time",
      "pwd_change_cycle",
      "project_source"
       FROM SAFE_MANAGEMENT
  </select>
  <select id="selectInfo" resultMap="BaseResultMap" >
 SELECT "id",
 	  "system_level",
      "pwd_locktimes",
      "minimum_pwd_length",
      "maximum_pwd_length",
      "pwd_expiration_time",
      "user_inactive_time",
      "pwd_change_cycle",
      "project_source"
       FROM SAFE_MANAGEMENT where "system_level"=(select min("system_level") FROM SAFE_MANAGEMENT)
  </select>
 <select id="selectProjectInfo" resultMap="BaseResultMap" >
 SELECT "id",
 	  "system_level",
      "pwd_locktimes",
      "minimum_pwd_length",
      "maximum_pwd_length",
      "pwd_expiration_time",
      "user_inactive_time",
      "pwd_change_cycle",
      "project_source"
       FROM SAFE_MANAGEMENT where "system_level"=#{systemLevel,jdbcType=DECIMAL}
  </select>
</mapper>