<?xml version="1.0" encoding="UTF-8"?>
<beans xmlns="http://www.springframework.org/schema/beans"
	xmlns:xsi="http://www.w3.org/2001/XMLSchema-instance" xmlns:p="http://www.springframework.org/schema/p"
	xmlns:context="http://www.springframework.org/schema/context"
	xmlns:aop="http://www.springframework.org/schema/aop" xmlns:tx="http://www.springframework.org/schema/tx"
	xmlns:mvc="http://www.springframework.org/schema/mvc"
	xmlns:mongo="http://www.springframework.org/schema/data/mongo"
	xmlns:task="http://www.springframework.org/schema/task"
	xsi:schemaLocation="
http://www.springframework.org/schema/beans
http://www.springframework.org/schema/beans/spring-beans.xsd
http://www.springframework.org/schema/context
http://www.springframework.org/schema/context/spring-context.xsd
http://www.springframework.org/schema/tx
http://www.springframework.org/schema/tx/spring-tx.xsd
http://www.springframework.org/schema/aop
http://www.springframework.org/schema/aop/spring-aop.xsd
http://www.springframework.org/schema/data/mongo    
http://www.springframework.org/schema/data/mongo/spring-mongo.xsd 
http://www.springframework.org/schema/mvc
http://www.springframework.org/schema/mvc/spring-mvc-4.1.xsd
http://www.springframework.org/schema/task  
http://www.springframework.org/schema/task/spring-task-4.1.xsd
">
	
	<bean id="javaMailSender" class="org.springframework.mail.javamail.JavaMailSenderImpl">
		<property name="host" value="${mail.host}" />
		<property name="port" value="${mail.port}" />
		<property name="username" value="${mail.username}" />
		<property name="password" value="${mail.password}" />
		<property name="javaMailProperties">
			<props>
				<prop key="mail.smtp.auth">true</prop>
			</props>
		</property>
	</bean>

	<bean id="simpleMailMessage" class="org.springframework.mail.SimpleMailMessage">
		<!-- 发件人 -->
		<property name="from" value="${mail.from}" />
		<!-- 邮件主题 -->
		<property name="subject" value="${mail.subject}" />
		<!-- <property name="text" value="邮件内容" /> -->
	</bean>
	<!--线程池异步发送邮件 -->
	<bean id="taskExecutor"
		class="org.springframework.scheduling.concurrent.ThreadPoolTaskExecutor">
		<property name="corePoolSize" value="5" />
		<property name="maxPoolSize" value="10" />
		<property name="queueCapacity" value="25" />
	</bean>

	<bean id="mailSender" class="com.keyware.utils.MailSender">
		<property name="javaMailSender" ref="javaMailSender"></property>
		<property name="freeMarkerConfigurer" ref="freeMarkerConfigurer"></property>
		<property name="simpleMailMessage" ref="simpleMailMessage"></property>
		<property name="taskExecutor" ref="taskExecutor"></property>
	</bean>
</beans>