<?xml version="1.0" encoding="UTF-8"?>
<beans xmlns="http://www.springframework.org/schema/beans"
	xmlns:xsi="http://www.w3.org/2001/XMLSchema-instance" xmlns:p="http://www.springframework.org/schema/p"
	xmlns:context="http://www.springframework.org/schema/context"
	xmlns:aop="http://www.springframework.org/schema/aop" xmlns:tx="http://www.springframework.org/schema/tx"
	xmlns:mvc="http://www.springframework.org/schema/mvc"
	xmlns:mongo="http://www.springframework.org/schema/data/mongo"
	xmlns:task="http://www.springframework.org/schema/task"
	xsi:schemaLocation="
http://www.springframework.org/schema/beans
http://www.springframework.org/schema/beans/spring-beans.xsd
http://www.springframework.org/schema/context
http://www.springframework.org/schema/context/spring-context.xsd
http://www.springframework.org/schema/tx
http://www.springframework.org/schema/tx/spring-tx.xsd
http://www.springframework.org/schema/aop
http://www.springframework.org/schema/aop/spring-aop.xsd
http://www.springframework.org/schema/data/mongo    
http://www.springframework.org/schema/data/mongo/spring-mongo.xsd 
http://www.springframework.org/schema/mvc
http://www.springframework.org/schema/mvc/spring-mvc-4.1.xsd
http://www.springframework.org/schema/task  
http://www.springframework.org/schema/task/spring-task-4.1.xsd
">
	
	<context:component-scan base-package="com.keyware.base.servlet,com.keyware.base.controller,com.keyware.base.repository,com.keyware.base.service,com.keyware.base.task,com.keyware.base.memcached,com.keyware.base.listener" />
	<!-- 数据源 -->
	<bean name="dataSource" class="com.alibaba.druid.pool.DruidDataSource"
		init-method="init" destroy-method="close">
		<property name="url" value="${jdbc.url}" />
		<property name="username" value="${jdbc.username}" />
		<property name="password" value="${jdbc.password}" />
		<!-- 初始化连接大小 -->
		<property name="initialSize" value="0" />
		<!-- 连接池最大使用连接数量 -->
		<property name="maxActive" value="255" />
		<!-- 连接池最大空闲 -->
		<!-- <property name="maxIdle" value="20" /> -->
		<!-- 连接池最小空闲 -->
		<property name="minIdle" value="3" />
		<!-- 获取连接最大等待时间 -->
		<property name="maxWait" value="3000" />
		<!-- 是否缓存preparedStatement，也就是PSCache。PSCache对支持游标的数据库性能提升巨大，比如说oracle。在mysql下建议关闭。 -->
		<!-- <property name="poolPreparedStatements" value="true" /> <property 
			name="maxPoolPreparedStatementPerConnectionSize" value="33" /> -->
		<!-- 用来检测连接是否有效的sql，要求是一个查询语句 -->
		<property name="validationQuery" value="${jdbc.validationQuery}" />
		<!-- 申请连接时执行validationQuery检测连接是否有效，做了这个配置会降低性能。 -->
		<property name="testOnBorrow" value="true" />
		<!-- 归还连接时执行validationQuery检测连接是否有效，做了这个配置会降低性能。 -->
		<property name="testOnReturn" value="true" />
		<!-- 申请连接的时候检测。建议配置为true，不影响性能，并且保证安全性。如果空闲时间大于timeBetweenEvictionRunsMillis，执行validationQuery检测连接是否有效。 -->
		<property name="testWhileIdle" value="true" />
		<!-- 配置间隔多久才进行一次检测，检测需要关闭的空闲连接，单位是毫秒 -->
		<property name="timeBetweenEvictionRunsMillis" value="2400000" />
		<!-- 配置一个连接在池中最小生存的时间，单位是毫秒 -->
		<property name="minEvictableIdleTimeMillis" value="25200000" />
		<!-- 打开removeAbandoned功能 -->
		<property name="removeAbandoned" value="true" />
		<!-- 1800秒，也就是30分钟 -->
		<property name="removeAbandonedTimeout" value="1800" />
		<!-- 关闭abanded连接时输出错误日志 -->
		<property name="logAbandoned" value="true" />
		<!-- 监控数据库 -->
		<!-- <property name="filters" value="stat" /> -->
		<property name="filters" value="mergeStat" />
	</bean>

	<!-- myBatis文件 -->
	<bean id="sqlSessionFactory" class="org.mybatis.spring.SqlSessionFactoryBean">
		<property name="dataSource" ref="dataSource" />
		<property name="configLocation" value="classpath:/mybatis-config.xml" />
		<!-- 自动扫描entity目录, 省掉Configuration.xml里的手工配置 -->
		<property name="mapperLocations">
		<list>
			<value>classpath:com/keyware/base/repository/mybatis/mapper_sqlite/**/*.xml</value>
		</list>
		</property>
		<!-- 用不到分页 -->
		<property name="plugins">
			<array>
				<!-- 分页拦截器 -->
				<bean class="com.github.pagehelper.PageHelper">
					<property name="properties">
						<value>
							<!-- dialect=oracle -->
							dialect=sqlite
							reasonable=true
							params=count=countSql;pageSizeZero=zero
						</value>
					</property>
				</bean>
			</array>
		</property>
	</bean>
	
	<bean id="mapperScannerConfigurer" class="org.mybatis.spring.mapper.MapperScannerConfigurer">
		<property name="basePackage" value="com.keyware.base.repository.mybatis" />
		<property name="sqlSessionFactoryBeanName" value="sqlSessionFactory" />
	</bean>
	
	<!-- 用注解来实现事务管理 -->
	<bean id="transactionManager"
		class="org.springframework.jdbc.datasource.DataSourceTransactionManager">
		<property name="dataSource" ref="dataSource" />
	</bean>
	<tx:annotation-driven transaction-manager="transactionManager"
		proxy-target-class="true" />
	<!-- 共享事务模版 -->
	<bean id="sharedTransactionTemplate"
		class="org.springframework.transaction.support.TransactionTemplate">
		<property name="transactionManager" ref="transactionManager" />
		<property name="isolationLevelName" value="ISOLATION_READ_UNCOMMITTED" />
		<property name="timeout" value="30" />
	</bean>
     
</beans>