<?xml version="1.0" encoding="UTF-8"?>
<beans xmlns="http://www.springframework.org/schema/beans"
	xmlns:xsi="http://www.w3.org/2001/XMLSchema-instance" xmlns:p="http://www.springframework.org/schema/p"
	xmlns:context="http://www.springframework.org/schema/context"
	xmlns:aop="http://www.springframework.org/schema/aop" xmlns:tx="http://www.springframework.org/schema/tx"
	xmlns:mvc="http://www.springframework.org/schema/mvc"
	xmlns:mongo="http://www.springframework.org/schema/data/mongo"
	xmlns:task="http://www.springframework.org/schema/task"
	xsi:schemaLocation="
http://www.springframework.org/schema/beans
http://www.springframework.org/schema/beans/spring-beans.xsd
http://www.springframework.org/schema/context
http://www.springframework.org/schema/context/spring-context.xsd
http://www.springframework.org/schema/tx
http://www.springframework.org/schema/tx/spring-tx.xsd
http://www.springframework.org/schema/aop
http://www.springframework.org/schema/aop/spring-aop.xsd
http://www.springframework.org/schema/data/mongo    
http://www.springframework.org/schema/data/mongo/spring-mongo.xsd 
http://www.springframework.org/schema/mvc
http://www.springframework.org/schema/mvc/spring-mvc-4.1.xsd
http://www.springframework.org/schema/task  
http://www.springframework.org/schema/task/spring-task-4.1.xsd
">
	
	<task:annotation-driven scheduler="qbScheduler" mode="proxy" />
	<task:scheduler id="qbScheduler" pool-size="10" />
	
	<bean name="dataSourceC" class="com.alibaba.druid.pool.DruidDataSource" init-method="init" destroy-method="close">
		<property name="url" value="${jdbc.url}" />
		<property name="username" value="${jdbc.username}" />
		<property name="password" value="${jdbc.password}" />
		<!-- 初始化连接大小 -->
		<property name="initialSize" value="0" />
		<!-- 连接池最大使用连接数量 -->
		<property name="maxActive" value="255" />
		<!-- 连接池最大空闲 -->
		<!-- <property name="maxIdle" value="20" /> -->
		<!-- 连接池最小空闲 -->
		<property name="minIdle" value="3" />
		<!-- 获取连接最大等待时间 -->
		<property name="maxWait" value="6000000000" />
		<!-- 是否缓存preparedStatement，也就是PSCache。PSCache对支持游标的数据库性能提升巨大，比如说oracle。在mysql下建议关闭。 -->
		<!-- <property name="poolPreparedStatements" value="true" /> <property name="maxPoolPreparedStatementPerConnectionSize" value="33" /> -->
		<!-- 用来检测连接是否有效的sql，要求是一个查询语句 -->
		<property name="validationQuery" value="${jdbc.validationQuery}" />
		<!-- 申请连接时执行validationQuery检测连接是否有效，做了这个配置会降低性能。 -->
		<property name="testOnBorrow" value="true" />
		<!-- 归还连接时执行validationQuery检测连接是否有效，做了这个配置会降低性能。 -->
		<property name="testOnReturn" value="true" />
		<!-- 申请连接的时候检测。建议配置为true，不影响性能，并且保证安全性。如果空闲时间大于timeBetweenEvictionRunsMillis，执行validationQuery检测连接是否有效。 -->
		<property name="testWhileIdle" value="true" />
		<!-- 配置间隔多久才进行一次检测，检测需要关闭的空闲连接，单位是毫秒 -->
		<property name="timeBetweenEvictionRunsMillis" value="6000000000" />
		<!-- 配置一个连接在池中最小生存的时间，单位是毫秒 -->
		<property name="minEvictableIdleTimeMillis" value="252000000" />
		<!-- 打开removeAbandoned功能 -->
		<property name="removeAbandoned" value="true" />
		<!-- 1800秒，也就是30分钟 -->
		<property name="removeAbandonedTimeout" value="1800" />
		<!-- 关闭abanded连接时输出错误日志 -->
		<property name="logAbandoned" value="true" />
		<!-- 监控数据库 -->
		<!-- <property name="filters" value="stat" /> -->
		<property name="filters" value="mergeStat" />
	</bean> 
      <bean name="quartzScheduler" lazy-init="false" class="org.springframework.scheduling.quartz.SchedulerFactoryBean">
		<property name="dataSource">
			<ref bean="dataSourceC" />
		</property>

		<property name="applicationContextSchedulerContextKey" value="applicationContextKey" />
		<property name="autoStartup" value="true" />
		<property name="configLocation" value="classpath:quartz.properties" />
	</bean> 
</beans> 