<?xml version="1.0" encoding="UTF-8"?>
<beans xmlns="http://www.springframework.org/schema/beans"
	xmlns:xsi="http://www.w3.org/2001/XMLSchema-instance" xmlns:p="http://www.springframework.org/schema/p"
	xmlns:context="http://www.springframework.org/schema/context"
	xmlns:aop="http://www.springframework.org/schema/aop" xmlns:tx="http://www.springframework.org/schema/tx"
	xmlns:mvc="http://www.springframework.org/schema/mvc"
	xsi:schemaLocation="
http://www.springframework.org/schema/beans
http://www.springframework.org/schema/beans/spring-beans.xsd
http://www.springframework.org/schema/context
http://www.springframework.org/schema/context/spring-context.xsd
http://www.springframework.org/schema/tx
http://www.springframework.org/schema/tx/spring-tx.xsd
http://www.springframework.org/schema/aop
http://www.springframework.org/schema/aop/spring-aop.xsd
http://www.springframework.org/schema/mvc
http://www.springframework.org/schema/mvc/spring-mvc-4.1.xsd">
	
	<!-- 允许对静态资源文件的访问 -->
	<mvc:default-servlet-handler />

   <!-- 定义国际化消息 -->   
   <bean id="messageSource" class="org.springframework.context.support.ResourceBundleMessageSource">   
     <property name="basename" value="messages"/>
     <property name="useCodeAsDefaultMessage" value="true" />   
   </bean>   
    <!-- 获取本地 -->  
   <bean id="localeResolver" class="org.springframework.web.servlet.i18n.CookieLocaleResolver"/>  
	<!-- <bean id="exceptionResolver" class="controller.error.ExceptionHandlerController" /> -->
	<!-- 配置文件上传解析器 -->
	<bean id="multipartResolver"
		class="org.springframework.web.multipart.commons.CommonsMultipartResolver">
		<!-- 上面配置是固定的，下面是配置上传文件的最大大小 -->
		<property name="maxUploadSize" value="1048576000" />
	</bean>

	<!-- 支持返回json(避免IE在ajax请求时，返回json出现下载 ) -->  
    <bean class="org.springframework.web.servlet.mvc.annotation.AnnotationMethodHandlerAdapter">  
        <property name="messageConverters">  
            <list>  
                <ref bean="mappingJacksonHttpMessageConverter"/>  
            </list>  
        </property>  
    </bean>  
    <bean id="mappingJacksonHttpMessageConverter"  
          class="org.springframework.http.converter.json.MappingJackson2HttpMessageConverter">  
        <property name="supportedMediaTypes">  
            <list>  
                <value>text/plain;charset=UTF-8</value>  
                <value>application/json;charset=UTF-8</value>  
            </list>  
        </property>  
    </bean>  
    <!-- 支持返回json --> 

	<!-- 视图 -->
	<bean id="viewResolver" class="org.springframework.web.servlet.view.InternalResourceViewResolver">  
        <property name="prefix" value="/WEB-INF/jsp/"/>  
        <property name="suffix" value=".jsp"/>  
    </bean>  
	<!--<bean id="freemarkerConfig"
		class="org.springframework.web.servlet.view.freemarker.FreeMarkerConfigurer">
		<property name="templateLoaderPath" value="/WEB-INF/template/" />
		<property name="freemarkerSettings">
			<props>
				<prop key="template_update_delay">5</prop>
				<prop key="default_encoding">UTF-8</prop>
				<prop key="locale">zh_CN</prop>
				<prop key="url_escaping_charset">UTF-8</prop>
				<prop key="boolean_format">true,false</prop>
				<prop key="datetime_format">yyyy-MM-dd HH:mm:ss</prop>
				<prop key="date_format">yyyy-MM-dd</prop>
				<prop key="time_format">HH:mm:ss</prop>
				<prop key="number_format">0.######</prop>
				<prop key="whitespace_stripping">true</prop>
				<prop key="classic_compatible">true</prop> 
				<prop key="auto_import">common/spring.ftl as spring</prop>
			</props>
		</property>
	</bean>
	<bean id="viewResolver"
		class="org.springframework.web.servlet.view.freemarker.FreeMarkerViewResolver">
		<property name="cache" value="false" />
		<property name="contentType" value="text/html; charset=UTF-8" />
		<property name="prefix" value="" />
		<property name="suffix" value=".jsp" />
		<property name="exposeSpringMacroHelpers" value="true" />
		<property name="exposeRequestAttributes" value="true" />
		<property name="exposeSessionAttributes" value="false" />
		<property name="viewClass"
			value="org.springframework.web.servlet.view.freemarker.FreeMarkerView" />
		<property name="requestContextAttribute" value="request"></property>
	</bean>  -->
</beans>