<?xml version="1.0" encoding="UTF-8" ?>
<!DOCTYPE mapper PUBLIC "-//mybatis.org//DTD Mapper 3.0//EN" "http://mybatis.org/dtd/mybatis-3-mapper.dtd" >
<mapper namespace="com.keyware.base.repository.mybatis.itf.MenuPermissonMapper" >
  <resultMap id="BaseResultMap" type="com.keyware.base.repository.entity.MenuPermisson" >
    <result column="menu_id" property="menuId" jdbcType="VARCHAR" />
    <result column="permission_id" property="permissionId" jdbcType="VARCHAR" />
  </resultMap>
  
  <delete id="deleteMenuPermission" parameterType="com.keyware.base.repository.entity.MenuPermisson">
  	delete from menu_permisson 
  	where "menu_id" = #{menuId,jdbcType=VARCHAR} and "permission_id"=#{permissionId,jdbcType=VARCHAR}
  </delete>
  
  <delete id="deleteByPermissionId" parameterType="java.lang.String">
  	delete from menu_permisson 
  	where "permission_id"=#{permissionId,jdbcType=VARCHAR}
  </delete>
  
  <select id="getMenuPermissonByMenuId" resultType="com.keyware.base.vo.menu.MenuPermissionVo" parameterType="java.lang.String">
  	SELECT
		MP."menu_id" menuId,
		MP."permission_id" permissionId,
		p."permission_name" permissionName,
		p."permission" permission,
		p."permission_url" permissionUrl
	from MENU_PERMISSON mp
	LEFT JOIN "PERMISSION" p ON MP."permission_id" = p."permission_id"
	where MP."menu_id" = #{menuId,jdbcType=VARCHAR}
  </select>
  
  <insert id="insert" parameterType="com.keyware.base.repository.entity.MenuPermisson" >
    insert into MENU_PERMISSON (menu_id, permission_id)
    values (#{menuId,jdbcType=VARCHAR}, #{permissionId,jdbcType=VARCHAR})
  </insert>
  
  <insert id="insertSelective" parameterType="com.keyware.base.repository.entity.MenuPermisson" >
    insert into MENU_PERMISSON
    <trim prefix="(" suffix=")" suffixOverrides="," >
      <if test="menuId != null" >
        "menu_id",
      </if>
      <if test="permissionId != null" >
        "permission_id",
      </if>
    </trim>
    <trim prefix="values (" suffix=")" suffixOverrides="," >
      <if test="menuId != null" >
        #{menuId,jdbcType=VARCHAR},
      </if>
      <if test="permissionId != null" >
        #{permissionId,jdbcType=VARCHAR},
      </if>
    </trim>
  </insert>
  
   <delete id="deleteByMenuId" parameterType="java.lang.String">
  	delete from menu_permisson where "menu_id" = #{menuId,jdbcType=VARCHAR}
  </delete>
  
</mapper>