<?xml version="1.0" encoding="UTF-8" ?>
<!DOCTYPE mapper PUBLIC "-//mybatis.org//DTD Mapper 3.0//EN" "http://mybatis.org/dtd/mybatis-3-mapper.dtd" >
<mapper namespace="com.keyware.base.repository.mybatis.itf.RolePermissionMapper" >
  <resultMap id="BaseResultMap" type="com.keyware.base.repository.entity.RolePermission" >
    <result column="role_id" property="roleId" jdbcType="VARCHAR" />
    <result column="permission_id" property="permissionId" jdbcType="VARCHAR" />
  </resultMap>
  
  <insert id="insert" parameterType="com.keyware.base.repository.entity.RolePermission" >
    insert into role_permisson 
    <trim prefix="(" suffix=")" suffixOverrides=",">
    	<if test="roleId != null">
    		"role_id",
    	</if>
    	<if test="permissionId != null">
    		"permission_id"
    	</if>
    </trim>
    <trim prefix=" values (" suffix=")" suffixOverrides="," >
    	<if test="roleId != null">
    		#{roleId,jdbcType=VARCHAR},
    	</if>
    	<if test="permissionId != null">
    		#{permissionId,jdbcType=VARCHAR},
    	</if>
    </trim>
  </insert>
  
  
  <select id="selectAll" resultMap="BaseResultMap" >
    select role_id, permission_id
    from role_permisson
  </select>
  
  <delete id="deleteByRoleId" parameterType="java.lang.String">
  	delete from role_permisson where "role_id" = #{roleId,jdbcType=VARCHAR}
  </delete>
  
  <delete id="deleteByPermission" parameterType="java.lang.String">
  	delete from role_permisson where "permission_id" = #{permissionId,jdbcType=VARCHAR}
  </delete>
  
  <select id="selectByRoleId" resultMap="BaseResultMap" parameterType="java.lang.String" >
  	select "role_id", "permission_id" from role_permisson where "role_id" = #{roleId,jdbcType=VARCHAR}
  </select>
  
  
</mapper>