<?xml version="1.0" encoding="UTF-8" ?>
<!DOCTYPE mapper PUBLIC "-//mybatis.org//DTD Mapper 3.0//EN" "http://mybatis.org/dtd/mybatis-3-mapper.dtd" >
<mapper namespace="com.keyware.base.repository.mybatis.itf.UserRoleMapper" >
  <resultMap id="BaseResultMap" type="com.keyware.base.repository.entity.UserRole" >
    <result column="user_id" property="userId" jdbcType="VARCHAR" />
    <result column="role_id" property="roleId" jdbcType="VARCHAR" />
  </resultMap>
  
  <delete id="deletetUserRole" parameterType="com.keyware.base.repository.entity.UserRole" >
  		delete from "USER_ROLE" where 1=1
  		<if test="userId != null">
  			and "user_id" = #{userId,jdbcType=VARCHAR}
  		</if>
  		<if test="roleId != null">
  			and "role_id" = #{roleId,jdbcType=VARCHAR}
  		</if>
  </delete>
  
  <insert id="insert" parameterType="com.keyware.base.repository.entity.UserRole" >
    insert into USER_ROLE 
    <trim prefix="(" suffix=")" suffixOverrides=",">
    	<if test="userId != null">
    		"user_id",
    	</if>
    	<if test="roleId != null">
    		"role_id"
    	</if>
    </trim>
    <trim prefix=" values (" suffix=")" suffixOverrides=",">
    	<if test="userId != null">
    		#{userId,jdbcType=VARCHAR},
    	</if>
    	<if test="roleId != null">
    		#{roleId,jdbcType=VARCHAR}
    	</if>
    </trim>
  </insert>
  
  <select id="selectAll" resultMap="BaseResultMap" >
    select user_id, role_id
    from user_role
  </select>
  
  <delete id="deleteByUserId" parameterType="java.lang.String">
  	delete from user_role where "user_id" = #{userId,jdbcType=VARCHAR}
  </delete>
  <select id="selectByUserId" parameterType="java.lang.String" resultType="java.lang.String">
    select  "role_id"
    from "USER_ROLE" where  "user_id" =#{userId,jdbcType=VARCHAR}
  </select>
</mapper>